City_ID,City,Lat,Lng,Max Temp,Humidity,Cloudiness,Wind Speed,Country,Date
0,kodiak,57.79,-152.4072,3.73,93,100,5.14,US,2022-12-05
1,ancud,-41.8697,-73.8203,13.65,97,95,5.53,CL,2022-12-05
2,maturin,9.75,-63.1767,24.18,84,79,2.52,VE,2022-12-05
3,saint george,37.1041,-113.5841,14.97,54,20,2.24,US,2022-12-05
4,chuy,-33.6971,-53.4616,20.94,79,0,3.71,UY,2022-12-05
5,honolulu,21.3069,-157.8583,27.9,67,40,3.09,US,2022-12-05
6,bluff,-46.6,168.3333,10.45,62,72,4.18,NZ,2022-12-05
7,albany,42.6001,-73.9662,5.25,48,100,3.01,US,2022-12-05
8,katsuura,35.1333,140.3,7.01,95,100,9.0,JP,2022-12-05
9,ponazyrevo,58.3578,46.3142,-13.37,90,99,2.28,RU,2022-12-05
10,rikitea,-23.1203,-134.9692,24.23,81,95,6.23,PF,2022-12-05
11,fairmont,39.4851,-80.1426,13.51,45,25,0.9,US,2022-12-05
12,ushuaia,-54.8,-68.3,8.81,46,75,11.32,AR,2022-12-05
13,atuona,-9.8,-139.0333,25.3,74,91,7.0,PF,2022-12-05
14,hinatuan,8.3722,126.3342,24.54,91,100,0.71,PH,2022-12-05
15,port elizabeth,-33.918,25.5701,16.29,90,2,4.02,ZA,2022-12-05
16,lazaro cardenas,17.9583,-102.2,28.22,70,0,2.98,MX,2022-12-05
17,umm lajj,25.0213,37.2685,23.7,67,0,3.5,SA,2022-12-05
18,punta arenas,-53.15,-70.9167,10.06,40,40,8.75,CL,2022-12-05
19,saint-philippe,-21.3585,55.7679,22.77,79,99,4.42,RE,2022-12-05
20,port alfred,-33.5906,26.891,14.54,94,0,0.89,ZA,2022-12-05
21,te anau,-45.4167,167.7167,8.59,97,100,1.64,NZ,2022-12-05
22,bethel,41.3712,-73.414,7.17,50,0,1.54,US,2022-12-05
23,santa cruz,-17.8,-63.1667,37.03,30,75,3.09,BO,2022-12-05
24,cabedelo,-6.9811,-34.8339,26.37,76,15,5.33,BR,2022-12-05
25,barrow,71.2906,-156.7887,-0.99,86,75,9.77,US,2022-12-05
26,mataura,-46.1927,168.8643,10.27,90,97,1.57,NZ,2022-12-05
27,grindavik,63.8424,-22.4338,-2.74,100,20,2.57,IS,2022-12-05
28,torbay,47.6666,-52.7314,4.21,96,100,0.0,CA,2022-12-05
29,auki,-8.7676,160.7034,28.45,70,99,1.22,SB,2022-12-05
30,butaritari,3.0707,172.7902,27.18,80,99,6.92,KI,2022-12-05
31,itupiranga,-5.1347,-49.3267,25.18,93,97,1.13,BR,2022-12-05
32,bengkulu,-3.8004,102.2655,23.38,90,100,1.19,ID,2022-12-05
33,miraflores,19.2167,-98.8083,23.87,37,22,1.09,MX,2022-12-05
34,medicine hat,50.0501,-110.6683,-9.6,82,100,4.63,CA,2022-12-05
35,pevek,69.7008,170.3133,-29.31,82,20,1.54,RU,2022-12-05
36,petrovsk-zabaykalskiy,51.273,108.843,-15.2,93,100,5.27,RU,2022-12-05
37,busselton,-33.65,115.3333,13.91,71,0,5.11,AU,2022-12-05
38,ponta do sol,32.6667,-17.1,19.35,77,100,0.7,PT,2022-12-05
39,cape town,-33.9258,18.4232,18.23,68,0,6.17,ZA,2022-12-05
40,samana,19.2056,-69.3369,28.12,74,40,3.09,DO,2022-12-05
41,hearst,49.6835,-83.6665,-11.86,93,100,3.43,CA,2022-12-05
42,gorom-gorom,14.4439,-0.2361,28.47,18,90,4.36,BF,2022-12-05
43,hermanus,-34.4187,19.2345,12.67,68,99,1.93,ZA,2022-12-05
44,pisco,-13.7,-76.2167,21.03,78,0,3.6,PE,2022-12-05
45,provideniya,64.3833,-173.3,1.06,75,100,14.0,RU,2022-12-05
46,yulara,-25.2406,130.9889,30.54,15,8,4.6,AU,2022-12-05
47,imbituba,-28.24,-48.6703,25.48,96,85,3.89,BR,2022-12-05
48,anadyr,64.75,177.4833,-3.72,92,100,19.0,RU,2022-12-05
49,beloha,-25.1667,45.05,26.68,60,15,3.73,MG,2022-12-05
50,marihatag,8.7936,126.2969,25.35,87,99,1.43,PH,2022-12-05
51,hami,42.8,93.45,-5.46,37,100,1.25,CN,2022-12-05
52,erattupetta,9.7,76.7833,24.63,90,88,1.5,IN,2022-12-05
53,trelew,-43.249,-65.3051,31.15,16,0,9.26,AR,2022-12-05
54,sola,-13.8833,167.55,29.37,79,75,0.0,VU,2022-12-05
55,aklavik,68.2191,-135.0107,-25.43,83,100,9.69,CA,2022-12-05
56,sao filipe,14.8961,-24.4956,22.57,68,32,3.02,CV,2022-12-05
57,inyonga,-6.7167,32.0667,17.77,85,100,1.84,TZ,2022-12-05
58,talara,-4.5772,-81.2719,26.42,53,0,5.14,PE,2022-12-05
59,mahebourg,-20.4081,57.7,24.16,88,40,4.63,MU,2022-12-05
60,avarua,-21.2078,-159.775,25.03,88,100,2.57,CK,2022-12-05
61,new norfolk,-42.7826,147.0587,13.29,58,93,0.89,AU,2022-12-05
62,klaksvik,62.2266,-6.589,4.51,65,80,11.72,FO,2022-12-05
63,san patricio,28.017,-97.5169,28.05,64,75,6.05,US,2022-12-05
64,vaini,-21.2,-175.2,28.09,78,40,3.6,TO,2022-12-05
65,norman wells,65.282,-126.8329,-28.98,69,75,5.14,CA,2022-12-05
66,kaitangata,-46.2817,169.8464,9.21,87,100,2.71,NZ,2022-12-05
67,yellowknife,62.456,-114.3525,-30.25,69,20,4.63,CA,2022-12-05
68,nantucket,41.2835,-70.0995,8.08,74,0,3.6,US,2022-12-05
69,shitanjing,39.2342,106.3439,-6.92,48,44,0.73,CN,2022-12-05
70,san quintin,30.4833,-115.95,18.0,68,0,8.64,MX,2022-12-05
71,cherskiy,68.75,161.3,-25.38,88,100,2.83,RU,2022-12-05
72,victoria,22.2855,114.1577,16.25,73,74,4.92,HK,2022-12-05
73,tasiilaq,65.6145,-37.6368,-2.91,62,27,2.82,GL,2022-12-05
74,dunedin,-45.8742,170.5036,9.89,90,100,4.02,NZ,2022-12-05
75,raudeberg,61.9875,5.1352,3.86,47,98,9.99,NO,2022-12-05
76,cabo san lucas,22.8909,-109.9124,29.73,58,20,2.06,MX,2022-12-05
77,itacoatiara,-3.1431,-58.4442,25.93,79,91,0.95,BR,2022-12-05
78,ondarroa,43.3167,-2.4167,11.88,81,100,2.84,ES,2022-12-05
79,gander,48.9682,-54.5906,0.07,93,100,2.06,CA,2022-12-05
80,praia da vitoria,38.7333,-27.0667,16.53,88,75,4.26,PT,2022-12-05
81,requena,39.4883,-1.1004,9.33,94,100,1.77,ES,2022-12-05
82,kudahuvadhoo,2.6708,72.8944,26.25,77,100,1.64,MV,2022-12-05
83,svetlogorsk,52.6333,29.7333,-9.74,88,83,4.31,BY,2022-12-05
84,kibala,9.1104,18.3463,26.78,25,69,2.24,TD,2022-12-05
85,fez,34.0372,-4.9998,17.14,59,40,8.23,MA,2022-12-05
86,contamana,-7.3333,-75.0167,31.15,49,82,0.97,PE,2022-12-05
87,thompson,55.7435,-97.8558,-27.91,69,40,4.12,CA,2022-12-05
88,tuktoyaktuk,69.4541,-133.0374,-26.0,64,75,10.29,CA,2022-12-05
89,okhotsk,59.3833,143.3,-30.16,82,65,4.74,RU,2022-12-05
90,sambava,-14.2667,50.1667,24.05,85,29,4.71,MG,2022-12-05
91,kavieng,-2.5744,150.7967,27.66,77,95,2.28,PG,2022-12-05
92,esperance,-33.8667,121.9,16.07,81,100,2.24,AU,2022-12-05
93,vanavara,60.34,102.2797,-12.04,89,100,5.59,RU,2022-12-05
94,hobart,-42.8794,147.3294,14.03,65,75,4.63,AU,2022-12-05
95,natal,-5.795,-35.2094,27.36,78,75,6.17,BR,2022-12-05
96,dikson,73.5069,80.5464,-5.13,96,100,5.83,RU,2022-12-05
97,clyde river,70.4692,-68.5914,-9.87,100,100,1.54,CA,2022-12-05
98,pochutla,15.7432,-96.4661,30.46,48,1,2.91,MX,2022-12-05
99,oistins,13.0667,-59.5333,27.05,69,40,2.06,BB,2022-12-05
100,hithadhoo,-0.6,73.0833,27.26,77,98,3.84,MV,2022-12-05
101,nanortalik,60.1432,-45.2371,0.79,77,96,6.34,GL,2022-12-05
102,olga,43.7444,135.2892,-13.91,83,4,1.74,RU,2022-12-05
103,nikolskoye,59.7035,30.7861,-6.06,93,100,3.38,RU,2022-12-05
104,bredasdorp,-34.5322,20.0403,14.74,68,100,0.91,ZA,2022-12-05
105,qaanaaq,77.484,-69.3632,0.77,87,100,7.52,GL,2022-12-05
106,nemuro,43.3236,145.575,-1.85,53,0,5.47,JP,2022-12-05
107,narasapur,16.45,81.6667,21.92,85,88,2.38,IN,2022-12-05
108,chokurdakh,70.6333,147.9167,-37.81,99,37,3.24,RU,2022-12-05
109,garoua,9.3,13.4,25.58,19,8,1.65,CM,2022-12-05
110,calabozo,8.9242,-67.4293,28.42,53,66,0.82,VE,2022-12-05
111,kijang,35.2442,129.2139,-1.15,42,0,1.6,KR,2022-12-05
112,cidreira,-30.1811,-50.2056,22.21,90,97,4.26,BR,2022-12-05
113,brigantine,39.4101,-74.3646,8.34,69,0,2.06,US,2022-12-05
114,jamestown,42.097,-79.2353,7.8,26,0,4.63,US,2022-12-05
115,krasnokholmskiy,55.9873,55.0466,-21.97,100,62,0.93,RU,2022-12-05
116,aguimes,27.9054,-15.4461,19.35,78,75,1.03,ES,2022-12-05
117,castro,-24.7911,-50.0119,19.43,95,61,1.48,BR,2022-12-05
118,kuching,1.55,110.3333,25.12,93,40,3.58,MY,2022-12-05
119,kieta,-6.2167,155.6333,27.81,75,96,1.14,PG,2022-12-05
120,iskateley,67.6803,53.1512,-15.05,87,96,6.3,RU,2022-12-05
121,saint-leu,-21.15,55.2833,24.46,73,100,0.5,RE,2022-12-05
122,qingdao,36.0986,120.3719,-5.22,80,0,1.0,CN,2022-12-05
123,shillong,25.5689,91.8831,8.17,66,0,0.25,IN,2022-12-05
124,kidal,18.4411,1.4078,26.33,14,100,4.95,ML,2022-12-05
125,sitka,57.0531,-135.33,2.94,75,100,3.6,US,2022-12-05
126,oeiras do para,-2.0031,-49.8544,24.14,88,100,1.53,BR,2022-12-05
127,shihezi,44.3,86.0333,-9.77,89,100,1.08,CN,2022-12-05
128,san ignacio,17.1561,-89.0714,29.08,70,40,2.06,BZ,2022-12-05
129,la ronge,55.1001,-105.2842,-23.86,58,40,3.09,CA,2022-12-05
130,bilibino,68.0546,166.4372,-23.49,70,100,2.77,RU,2022-12-05
131,constitucion,-35.3333,-72.4167,17.5,65,6,7.47,CL,2022-12-05
132,caravelas,-17.7125,-39.2481,22.55,85,100,2.65,BR,2022-12-05
133,arraial do cabo,-22.9661,-42.0278,24.98,73,40,8.23,BR,2022-12-05
134,forbes,-33.3833,148.0167,14.08,50,2,3.22,AU,2022-12-05
135,bilma,18.6853,12.9164,23.15,19,6,2.45,NE,2022-12-05
136,tutoia,-2.7619,-42.2744,26.64,82,29,6.81,BR,2022-12-05
137,carroll,39.5501,-77.0164,7.62,51,0,2.57,US,2022-12-05
138,jiaocheng,24.6774,116.1389,8.78,84,98,1.48,CN,2022-12-05
139,vestmannaeyjar,63.4427,-20.2734,4.69,69,43,2.13,IS,2022-12-05
140,tezu,27.9167,96.1667,15.74,37,0,1.94,IN,2022-12-05
141,bambous virieux,-20.3428,57.7575,24.14,88,40,4.63,MU,2022-12-05
142,kapaa,22.0752,-159.319,23.99,89,49,5.66,US,2022-12-05
143,half moon bay,37.4636,-122.4286,16.99,72,0,6.17,US,2022-12-05
144,vigrestad,58.5667,5.7,1.99,78,42,3.4,NO,2022-12-05
145,nishihara,26.1842,127.7558,18.6,92,100,7.72,JP,2022-12-05
146,ocala,29.1872,-82.1401,25.06,70,40,0.45,US,2022-12-05
147,blackwater,-23.5833,148.8833,26.58,48,0,3.0,AU,2022-12-05
148,mangai,-4.05,19.5333,19.87,96,68,0.16,CD,2022-12-05
149,maiduguri,11.8464,13.1603,22.56,19,71,3.95,NG,2022-12-05
150,lompoc,34.6391,-120.4579,17.69,66,0,5.14,US,2022-12-05
151,vuktyl,63.8567,57.3094,-16.8,96,99,3.3,RU,2022-12-05
152,zyryanka,65.75,150.85,-45.63,98,34,2.05,RU,2022-12-05
153,cockburn town,21.4612,-71.1419,24.98,65,40,8.23,TC,2022-12-05
154,san carlos de bariloche,-41.1456,-71.3082,13.52,68,25,7.16,AR,2022-12-05
155,morondava,-20.2833,44.2833,23.98,84,26,2.59,MG,2022-12-05
156,puerto ayora,-0.7393,-90.3518,24.98,89,52,2.68,EC,2022-12-05
157,kahului,20.8947,-156.47,28.01,66,20,5.14,US,2022-12-05
158,murrhardt,48.9819,9.5705,4.5,95,100,0.98,DE,2022-12-05
159,mount pleasant,32.7941,-79.8626,14.44,95,75,2.06,US,2022-12-05
160,along,28.1667,94.7667,11.63,66,68,0.8,IN,2022-12-05
161,bentiu,9.2333,29.8333,25.36,34,3,2.37,SS,2022-12-05
162,boueni,-12.9025,45.0761,26.99,80,2,4.78,YT,2022-12-05
163,jiangyou,31.7667,104.7167,6.21,79,100,1.11,CN,2022-12-05
164,geraldton,-28.7667,114.6,20.23,88,75,5.14,AU,2022-12-05
165,codrington,-38.2667,141.9667,14.18,64,12,4.92,AU,2022-12-05
166,piacabucu,-10.4056,-36.4344,24.11,88,18,4.58,BR,2022-12-05
167,pershotravneve,51.3929,28.8684,-8.76,85,28,4.26,UA,2022-12-05
168,genhe,50.7833,121.5167,-18.39,99,100,1.59,CN,2022-12-05
169,verkhnevilyuysk,63.4453,120.3167,-23.82,99,100,1.74,RU,2022-12-05
170,batemans bay,-35.7167,150.1833,17.28,62,10,2.4,AU,2022-12-05
171,bossier city,32.516,-93.7321,25.1,74,100,6.17,US,2022-12-05
172,sorbhog,26.5,90.8667,15.26,64,0,1.86,IN,2022-12-05
173,itarema,-2.9248,-39.9167,26.47,78,16,8.13,BR,2022-12-05
174,saskylakh,71.9167,114.0833,-24.43,89,100,8.82,RU,2022-12-05
175,hasaki,35.7333,140.8333,5.68,86,100,11.76,JP,2022-12-05
176,maymyo,22.0333,96.4667,14.21,85,0,1.06,MM,2022-12-05
177,freistadt,48.511,14.5045,3.14,96,100,1.31,AT,2022-12-05
178,mar del plata,-38.0023,-57.5575,25.01,80,0,8.94,AR,2022-12-05
179,luanda,-8.8368,13.2343,27.0,78,75,3.09,AO,2022-12-05
180,ucluelet,48.9329,-125.5528,4.49,87,100,1.44,CA,2022-12-05
181,meulaboh,4.1363,96.1285,23.18,93,100,1.61,ID,2022-12-05
182,kruisfontein,-34.0033,24.7314,14.38,91,3,3.44,ZA,2022-12-05
183,lewiston,44.1003,-70.2148,6.86,73,0,2.06,US,2022-12-05
184,port-gentil,-0.7193,8.7815,27.98,89,40,3.6,GA,2022-12-05
185,chaman,30.9236,66.4512,8.7,41,4,0.83,PK,2022-12-05
186,ponta delgada,37.7333,-25.6667,17.5,88,40,6.17,PT,2022-12-05
187,baruun-urt,46.6806,113.2792,-15.89,72,3,6.75,MN,2022-12-05
188,champerico,14.3,-91.9167,33.3,73,4,2.76,GT,2022-12-05
189,bandarbeyla,9.4942,50.8122,25.11,73,28,8.35,SO,2022-12-05
190,batagay-alyta,67.8006,130.4114,-26.64,99,100,1.24,RU,2022-12-05
191,dalvik,65.9702,-18.5286,-4.04,78,94,0.74,IS,2022-12-05
192,wad rawah,15.1603,33.1397,26.16,36,1,6.36,SD,2022-12-05
193,naze,28.3667,129.4833,14.51,70,98,8.82,JP,2022-12-05
194,mao,39.8885,4.2658,14.31,82,0,2.57,ES,2022-12-05
195,rio gallegos,-51.6226,-69.2181,14.03,23,75,9.77,AR,2022-12-05
196,kaduqli,11.0167,29.7167,24.28,25,66,4.23,SD,2022-12-05
197,marystown,47.1666,-55.1483,2.47,82,45,3.18,CA,2022-12-05
198,airai,-8.9266,125.4092,15.66,70,86,0.68,TL,2022-12-05
199,maniitsoq,65.4167,-52.9,2.27,85,100,9.54,GL,2022-12-05
200,kirakira,-10.4544,161.9205,28.39,76,100,2.23,SB,2022-12-05
201,lubango,-14.9172,13.4925,16.77,92,100,1.24,AO,2022-12-05
202,linqing,36.8456,115.7117,-1.34,48,0,1.28,CN,2022-12-05
203,sisimiut,66.9395,-53.6735,1.0,71,100,5.37,GL,2022-12-05
204,cap malheureux,-19.9842,57.6142,23.59,78,29,2.68,MU,2022-12-05
205,lebu,-37.6167,-73.65,17.1,72,1,2.36,CL,2022-12-05
206,chapais,49.7834,-74.8492,-5.12,90,96,2.08,CA,2022-12-05
207,ambon,-3.6954,128.1814,25.13,15,40,3.09,ID,2022-12-05
208,visnes,59.3556,5.2242,2.9,86,75,3.6,NO,2022-12-05
209,jacareacanga,-6.2222,-57.7528,23.89,95,100,1.35,BR,2022-12-05
210,tabou,4.423,-7.3528,25.92,85,93,2.37,CI,2022-12-05
211,port lincoln,-34.7333,135.8667,16.03,66,100,6.26,AU,2022-12-05
212,lavrentiya,65.5833,-171.0,-1.13,87,100,11.71,RU,2022-12-05
213,severo-kurilsk,50.6789,156.125,-4.64,76,98,9.47,RU,2022-12-05
214,fukue,32.6881,128.8419,9.87,58,6,8.66,JP,2022-12-05
215,forchheim,49.7175,11.0588,4.54,92,95,1.69,DE,2022-12-05
216,hilo,19.7297,-155.09,27.93,79,100,4.02,US,2022-12-05
217,mabaruma,8.2,-59.7833,26.0,89,75,2.06,GY,2022-12-05
218,kargil,34.5667,76.1,-7.6,49,100,0.86,IN,2022-12-05
219,garanhuns,-8.8903,-36.4928,18.84,96,69,3.66,BR,2022-12-05
220,roquetas de mar,36.7642,-2.6148,17.01,77,100,2.59,ES,2022-12-05
221,laguna,38.421,-121.4238,16.19,67,20,4.63,US,2022-12-05
222,mareeba,-17.0,145.4333,23.4,86,2,0.32,AU,2022-12-05
223,longyearbyen,78.2186,15.6401,-13.09,66,75,11.83,SJ,2022-12-05
224,baykit,61.67,96.37,-17.39,97,92,2.44,RU,2022-12-05
225,zhuhai,22.2769,113.5678,13.88,82,40,10.29,CN,2022-12-05
226,bara,10.3744,10.7288,22.1,20,3,3.58,NG,2022-12-05
227,fortuna,40.5982,-124.1573,13.29,79,100,0.45,US,2022-12-05
228,isangel,-19.55,169.2667,30.06,84,20,1.54,VU,2022-12-05
229,lorengau,-2.0226,147.2712,26.74,82,100,1.8,PG,2022-12-05
230,moshenskoye,58.5102,34.5911,-9.02,90,99,3.1,RU,2022-12-05
231,xichang,27.8964,102.2634,4.55,81,0,0.63,CN,2022-12-05
232,georgetown,5.4112,100.3354,27.35,92,40,1.03,MY,2022-12-05
233,north bend,43.4065,-124.2243,11.76,92,100,2.06,US,2022-12-05
234,itirapina,-22.2528,-47.8228,20.76,88,100,1.6,BR,2022-12-05
235,port augusta,-32.5,137.7667,21.03,35,100,2.13,AU,2022-12-05
236,lixourion,38.2019,20.4314,15.27,87,36,4.16,GR,2022-12-05
237,gari,59.4307,62.3497,-17.2,98,85,2.69,RU,2022-12-05
238,vila velha,-20.3297,-40.2925,24.97,86,20,5.66,BR,2022-12-05
239,sinop,41.7711,34.8709,4.69,89,74,0.38,TR,2022-12-05
240,kurilsk,45.2333,147.8833,-0.76,76,99,6.77,RU,2022-12-05
241,conceicao do araguaia,-8.2578,-49.2647,23.18,93,100,1.41,BR,2022-12-05
242,narsaq,60.9167,-46.05,6.12,71,77,4.85,GL,2022-12-05
243,ishinomaki,38.4167,141.3,2.0,71,100,2.74,JP,2022-12-05
244,krasnoselkup,65.7,82.4667,-5.62,93,100,7.33,RU,2022-12-05
245,schladming,47.3929,13.687,1.41,100,100,2.15,AT,2022-12-05
246,asau,46.4333,26.4,-1.49,99,100,1.35,RO,2022-12-05
247,los alamos,35.8881,-106.307,12.39,42,40,4.12,US,2022-12-05
248,ibipeba,-11.6408,-42.0111,20.68,88,100,3.93,BR,2022-12-05
249,tawau,4.2498,117.8871,23.07,94,58,0.45,MY,2022-12-05
250,ketchikan,55.3422,-131.6461,1.99,86,40,1.54,US,2022-12-05
251,carnarvon,-24.8667,113.6333,20.84,73,73,7.11,AU,2022-12-05
252,salalah,17.0151,54.0924,22.94,69,0,1.04,OM,2022-12-05
253,nizwa,22.9333,57.5333,18.54,66,0,0.52,OM,2022-12-05
254,mathbaria,22.2876,89.9593,16.23,61,2,3.17,BD,2022-12-05
255,hofn,64.2539,-15.2082,2.52,65,29,3.62,IS,2022-12-05
256,payo,-3.7508,103.6372,22.01,98,100,0.55,ID,2022-12-05
257,harper,4.375,-7.7169,25.76,85,75,2.81,LR,2022-12-05
258,manyana,-23.4,21.7167,23.67,19,7,3.42,BW,2022-12-05
259,caconda,-13.7333,15.0667,16.26,91,100,1.52,AO,2022-12-05
260,matara,5.9485,80.5353,23.79,88,100,1.03,LK,2022-12-05
261,sobolevo,54.4299,31.8996,-8.65,87,100,4.68,RU,2022-12-05
262,carutapera,-1.195,-46.02,26.22,79,100,3.48,BR,2022-12-05
263,kaz,52.9113,87.3105,-18.02,99,96,0.45,RU,2022-12-05
264,khatanga,71.9667,102.5,-33.23,100,18,2.05,RU,2022-12-05
265,mogadishu,2.0371,45.3438,26.78,80,17,6.72,SO,2022-12-05
266,sillamae,59.3997,27.7547,-3.98,90,100,5.29,EE,2022-12-05
267,beringovskiy,63.05,179.3167,0.17,98,100,9.61,RU,2022-12-05
268,hope,33.6671,-93.5916,18.32,91,100,4.55,US,2022-12-05
269,alekseyevka,50.6309,38.6903,-7.18,51,9,2.58,RU,2022-12-05
270,samarai,-10.6167,150.6667,27.69,73,85,2.44,PG,2022-12-05
271,awbari,26.5921,12.7805,20.28,19,0,4.98,LY,2022-12-05
272,dingle,10.9995,122.6711,22.86,93,35,3.4,PH,2022-12-05
273,aflao,6.116,1.1914,28.07,83,20,3.6,TG,2022-12-05
274,kunjah,32.5285,73.9737,14.02,37,100,2.75,PK,2022-12-05
275,broome,42.2506,-75.833,4.25,50,0,3.09,US,2022-12-05
276,wanaka,-44.7,169.15,12.92,76,90,1.95,NZ,2022-12-05
277,kamaishi,39.2667,141.8833,3.5,64,96,0.58,JP,2022-12-05
278,pauini,-7.7136,-66.9764,28.44,63,98,0.89,BR,2022-12-05
279,yzeure,46.5644,3.355,0.46,97,19,1.09,FR,2022-12-05
280,keti bandar,24.1447,67.4497,22.57,63,0,3.75,PK,2022-12-05
281,dalbandin,28.8947,64.4101,11.48,33,0,3.3,PK,2022-12-05
282,labuan,5.2767,115.2417,25.2,94,20,0.0,MY,2022-12-05
283,smyrna,33.884,-84.5144,9.06,93,100,3.09,US,2022-12-05
284,golyshmanovo,56.3979,68.3728,-23.15,100,38,1.22,RU,2022-12-05
285,kutum,14.2,24.6667,16.1,25,10,5.06,SD,2022-12-05
286,lagoa,39.05,-27.9833,16.44,69,100,6.86,PT,2022-12-05
287,dzhebariki-khaya,62.2167,135.8,-28.63,100,100,0.8,RU,2022-12-05
288,dzerzhinsk,56.2389,43.4631,-13.1,78,0,4.0,RU,2022-12-05
289,parabel,58.6978,81.4825,-17.87,96,100,2.83,RU,2022-12-05
290,asosa,10.0667,34.5333,19.03,37,13,1.35,ET,2022-12-05
291,igrim,63.1906,64.4162,-15.1,98,97,2.38,RU,2022-12-05
292,sabha,27.0377,14.4283,20.22,20,0,3.93,LY,2022-12-05
293,kautokeino,69.0125,23.0412,-10.59,98,100,1.06,NO,2022-12-05
294,bubaque,11.2833,-15.8333,27.14,69,77,3.13,GW,2022-12-05
295,punto fijo,11.6956,-70.1996,27.17,65,71,6.31,VE,2022-12-05
296,bathsheba,13.2167,-59.5167,27.34,81,40,2.06,BB,2022-12-05
297,east london,-33.0153,27.9116,15.71,85,4,4.94,ZA,2022-12-05
298,volot,57.9278,30.7025,-7.81,86,97,4.36,RU,2022-12-05
299,poum,-20.2333,164.0167,26.36,85,100,6.16,NC,2022-12-05
300,manzil salim,35.8567,8.4765,11.7,48,79,3.11,TN,2022-12-05
301,north platte,41.1239,-100.7654,0.94,55,100,4.12,US,2022-12-05
302,souillac,-20.5167,57.5167,24.21,88,40,4.63,MU,2022-12-05
303,pacific grove,36.6177,-121.9166,14.37,80,0,3.13,US,2022-12-05
304,korla,41.7597,86.1469,-5.3,41,58,2.05,CN,2022-12-05
305,felanitx,39.4696,3.1483,12.3,82,41,2.35,ES,2022-12-05
306,touros,-5.1989,-35.4608,26.39,74,19,5.47,BR,2022-12-05
307,khuzdar,27.7384,66.6434,11.24,34,0,2.09,PK,2022-12-05
308,praya,14.9215,-23.5087,23.3,64,75,4.63,CV,2022-12-05
309,sulangan,11.1373,123.7228,26.91,77,50,5.73,PH,2022-12-05
310,murray bridge,-35.1167,139.2667,13.96,54,100,2.65,AU,2022-12-05
311,marzuq,14.4,46.4667,15.74,54,2,1.2,YE,2022-12-05
312,yenagoa,4.9247,6.2642,25.81,88,51,1.69,NG,2022-12-05
313,monterey,36.2505,-121.2516,13.99,1,24,1.48,US,2022-12-05
314,channel-port aux basques,47.5702,-59.1367,0.81,61,10,1.4,CA,2022-12-05
315,alice springs,-23.7,133.8833,25.75,29,2,0.0,AU,2022-12-05
316,vredendal,-31.6683,18.5012,15.53,72,100,5.87,ZA,2022-12-05
317,kavaratti,10.5669,72.642,27.39,73,57,0.74,IN,2022-12-05
318,nago,26.5881,127.9761,17.47,81,100,7.35,JP,2022-12-05
319,bereza,53.5183,50.1397,-16.99,85,0,3.13,RU,2022-12-05
320,nalgonda,17.05,79.2667,19.21,57,15,1.09,IN,2022-12-05
321,ostrovnoy,68.0531,39.5131,-6.05,87,34,10.28,RU,2022-12-05
322,homer,59.6425,-151.5483,3.91,96,100,1.79,US,2022-12-05
323,muisne,0.6,-80.0333,24.41,77,15,3.69,EC,2022-12-05
324,ngunguru,-35.6167,174.5,17.67,75,100,2.89,NZ,2022-12-05
325,tuatapere,-46.1333,167.6833,10.05,77,93,2.38,NZ,2022-12-05
326,richards bay,-28.783,32.0377,20.76,79,100,6.78,ZA,2022-12-05
327,roald,62.5833,6.1333,5.97,70,75,3.09,NO,2022-12-05
328,chapleau,47.8405,-83.4034,-4.95,93,100,1.54,CA,2022-12-05
329,chegdomyn,51.1167,133.0167,-18.23,91,100,2.6,RU,2022-12-05
330,manosque,43.8288,5.7869,3.35,78,79,2.31,FR,2022-12-05
331,itaporanga,-7.3044,-38.1503,28.89,51,93,3.3,BR,2022-12-05
332,panjab,34.388,67.0233,-2.98,80,55,1.23,AF,2022-12-05
333,tiksi,71.6872,128.8694,-24.54,96,100,5.09,RU,2022-12-05
334,tucupita,9.0622,-62.051,22.81,97,84,1.62,VE,2022-12-05
335,ilulissat,69.2167,-51.1,-1.19,70,51,4.05,GL,2022-12-05
336,gidole,5.65,37.3667,17.59,47,98,1.51,ET,2022-12-05
337,ardesen,41.1911,40.9875,11.86,75,97,1.5,TR,2022-12-05
338,ouadda,8.0777,22.4007,21.85,36,45,2.22,CF,2022-12-05
339,kathu,7.9178,98.3332,28.19,87,91,5.49,TH,2022-12-05
340,knysna,-34.0363,23.0471,16.73,70,57,1.14,ZA,2022-12-05
341,solnechnyy,50.7214,136.6319,-19.57,90,81,2.03,RU,2022-12-05
342,lucapa,-8.4192,20.7447,16.31,97,31,0.6,AO,2022-12-05
343,maldonado,-34.6667,-54.9167,29.66,50,0,5.03,UY,2022-12-05
344,saldanha,-33.0117,17.9442,16.03,78,75,6.36,ZA,2022-12-05
345,bako,5.7833,36.5667,18.79,70,88,1.85,ET,2022-12-05
346,urbino,43.7298,12.6356,11.86,82,58,2.42,IT,2022-12-05
347,taltal,-25.4,-70.4833,19.84,69,23,2.53,CL,2022-12-05
348,faanui,-16.4833,-151.75,26.37,77,76,7.98,PF,2022-12-05
349,emba,48.8264,58.1442,-10.98,96,100,1.8,KZ,2022-12-05
350,zalantun,48.0,122.7167,-12.66,71,48,4.7,CN,2022-12-05
351,pimentel,-6.8367,-79.9342,23.16,60,0,9.26,PE,2022-12-05
352,japura,-0.3167,102.35,21.91,98,100,1.31,ID,2022-12-05
353,san pedro,14.35,121.0167,25.57,90,40,1.54,PH,2022-12-05
354,saint-augustin,51.226,-58.6502,-5.98,85,6,1.38,CA,2022-12-05
355,warrnambool,-38.3833,142.4833,13.47,69,96,5.15,AU,2022-12-05
356,kamenka,51.3223,42.7678,-9.11,53,11,2.1,RU,2022-12-05
357,tual,-5.6667,132.75,27.96,70,94,2.58,ID,2022-12-05
358,svetlyy,54.675,20.1347,-0.97,92,100,3.61,RU,2022-12-05
359,skjervoy,70.0311,20.9714,0.0,97,100,5.02,NO,2022-12-05
360,ishigaki,24.3448,124.1572,19.07,94,75,11.32,JP,2022-12-05
361,thinadhoo,0.5333,72.9333,27.17,76,100,3.0,MV,2022-12-05
362,upernavik,72.7868,-56.1549,-3.01,82,29,4.75,GL,2022-12-05
363,kaeo,-35.1,173.7833,19.1,73,100,2.28,NZ,2022-12-05
364,port hardy,50.6996,-127.4199,2.1,93,75,0.0,CA,2022-12-05
365,teya,60.3778,92.6267,-18.63,98,100,2.4,RU,2022-12-05
366,ribeira grande,38.5167,-28.7,17.22,72,40,7.15,PT,2022-12-05
367,mackenzie,55.2999,-123.1698,-10.88,79,100,1.03,CA,2022-12-05
368,caetite,-14.0694,-42.475,20.2,81,99,4.69,BR,2022-12-05
369,teeli,51.0333,90.2333,-28.43,92,15,0.49,RU,2022-12-05
370,guerrero negro,27.9769,-114.0611,19.6,71,8,8.31,MX,2022-12-05
371,alta floresta,-9.8756,-56.0861,21.37,99,100,1.38,BR,2022-12-05
372,emporia,38.4039,-96.1817,8.11,76,100,3.09,US,2022-12-05
373,inongo,-1.95,18.2667,20.83,97,97,1.1,CD,2022-12-05
374,omsukchan,62.5333,155.8,-29.8,99,99,1.8,RU,2022-12-05
375,mayo,38.8876,-76.5119,9.23,58,0,4.12,US,2022-12-05
376,warragul,-38.1667,145.9333,13.86,94,100,1.75,AU,2022-12-05
377,samsun,41.25,36.3333,12.22,95,79,1.44,TR,2022-12-05
378,henties bay,-22.116,14.2845,14.41,89,0,4.39,NA,2022-12-05
379,inverell,-29.7833,151.1167,26.48,49,45,1.34,AU,2022-12-05
380,nazarovo,56.0064,90.3914,-19.83,96,100,2.6,RU,2022-12-05
381,brikama,13.2714,-16.6494,23.98,81,29,5.53,GM,2022-12-05
382,khandyga,62.6667,135.6,-29.19,99,100,0.42,RU,2022-12-05
383,saint-michel-des-saints,46.6834,-73.9159,-0.04,77,100,4.31,CA,2022-12-05
384,tiznit,29.5833,-9.5,14.45,87,63,0.97,MA,2022-12-05
385,gat,31.61,34.7642,16.89,100,17,0.61,IL,2022-12-05
386,varkkallai,8.7341,76.7067,25.88,81,100,2.01,IN,2022-12-05
387,papara,-3.9839,-38.7273,27.22,74,11,2.38,BR,2022-12-05
388,pitimbu,-7.4706,-34.8086,26.33,78,26,4.88,BR,2022-12-05
389,carballo,43.213,-8.691,11.59,85,100,1.39,ES,2022-12-05
390,cerqueira cesar,-23.0356,-49.1661,20.74,90,100,1.33,BR,2022-12-05
391,elizabeth city,36.2946,-76.2511,12.01,79,20,2.06,US,2022-12-05
392,daniel flores,9.3355,-83.6694,22.65,87,81,0.69,CR,2022-12-05
393,sergeyevka,53.88,67.4158,-22.12,99,10,1.05,KZ,2022-12-05
394,glubczyce,50.2009,17.8286,5.46,87,100,2.18,PL,2022-12-05
395,sawtell,-30.3833,153.1,26.01,57,10,2.57,AU,2022-12-05
396,adrar,20.5022,-10.0711,24.05,25,4,1.72,MR,2022-12-05
397,itoman,26.1247,127.6694,19.01,88,75,7.72,JP,2022-12-05
398,coahuayana,18.7333,-103.6833,29.7,64,2,2.62,MX,2022-12-05
399,althofen,46.8818,14.4676,2.14,99,100,0.95,AT,2022-12-05
400,kresttsy,58.2452,32.5165,-7.57,86,99,3.52,RU,2022-12-05
401,meiganga,6.5167,14.3,20.96,33,92,2.38,CM,2022-12-05
402,rafsanjan,30.4067,55.9939,7.3,67,53,1.99,IR,2022-12-05
403,peniche,39.3558,-9.3811,13.93,95,89,2.5,PT,2022-12-05
404,zhigalovo,54.8097,105.1578,-11.33,87,100,6.09,RU,2022-12-05
405,balakovo,52.0278,47.8007,-11.11,84,27,2.25,RU,2022-12-05
406,semporna,4.4818,118.6112,25.43,89,39,2.1,MY,2022-12-05
407,ischia,40.7342,13.9471,14.97,90,90,0.45,IT,2022-12-05
408,whitecourt,54.1502,-115.6855,-14.42,66,75,7.2,CA,2022-12-05
409,pouembout,-21.1333,164.9,24.63,92,100,0.98,NC,2022-12-05
410,havelock,34.8791,-76.9013,13.98,80,75,4.12,US,2022-12-05
411,athabasca,54.7169,-113.2854,-16.77,80,100,7.3,CA,2022-12-05
412,blagoveshchenka,52.8333,79.8667,-21.46,99,65,2.37,RU,2022-12-05
413,oranjemund,-28.55,16.4333,15.76,83,81,5.98,NA,2022-12-05
414,fairbanks,64.8378,-147.7164,-8.0,89,100,0.0,US,2022-12-05
415,tayoltita,24.0833,-105.9333,27.69,36,34,3.15,MX,2022-12-05
416,roxana,10.2753,-83.7513,30.02,70,57,2.22,CR,2022-12-05
417,daru,-9.0763,143.2092,27.18,76,99,4.57,PG,2022-12-05
418,ashtabula,41.7001,-80.7665,8.8,31,0,4.63,US,2022-12-05
419,abnub,27.2696,31.1511,15.12,58,0,4.57,EG,2022-12-05
420,ariquemes,-9.9133,-63.0408,23.35,96,100,1.04,BR,2022-12-05
421,rudbar,30.15,62.6,7.78,40,51,1.62,AF,2022-12-05
422,montepuez,-13.1256,38.9997,21.73,89,88,3.39,MZ,2022-12-05
423,axim,4.8699,-2.2405,26.24,85,73,3.11,GH,2022-12-05
424,hamilton,39.1834,-84.5333,8.74,57,100,3.6,US,2022-12-05
425,puerto madryn,-42.7692,-65.0385,32.42,13,81,12.77,AR,2022-12-05
426,anaconda,46.1285,-112.9423,1.55,80,66,5.27,US,2022-12-05
427,brazzaville,-4.2658,15.2832,23.45,88,90,0.42,CG,2022-12-05
428,chengde,40.9725,117.9361,-9.77,38,0,1.37,CN,2022-12-05
429,riohacha,11.5444,-72.9072,29.06,70,20,4.12,CO,2022-12-05
430,hualmay,-11.0964,-77.6139,20.66,77,10,3.99,PE,2022-12-05
431,srandakan,-7.9386,110.2506,24.21,93,100,1.52,ID,2022-12-05
432,tura,25.5198,90.2201,15.29,85,0,1.6,IN,2022-12-05
433,porto novo,6.4965,2.6036,27.9,85,32,2.79,BJ,2022-12-05
434,oxford,51.7522,-1.256,6.88,90,100,4.12,GB,2022-12-05
435,usogorsk,63.4106,48.6872,-9.27,94,100,3.17,RU,2022-12-05
436,shenjiamen,29.9576,122.298,10.56,62,32,6.18,CN,2022-12-05
437,rocha,-34.4833,-54.3333,22.0,62,0,4.19,UY,2022-12-05
438,puerto narino,-3.7703,-70.3831,27.92,74,16,1.25,CO,2022-12-05
439,manggar,-2.8833,108.2667,25.76,84,100,1.5,ID,2022-12-05
440,port macquarie,-31.4333,152.9167,23.83,64,69,4.85,AU,2022-12-05
441,margate,51.3813,1.3862,7.61,86,100,1.79,GB,2022-12-05
442,zhezkazgan,47.8043,67.7144,-16.87,94,99,2.18,KZ,2022-12-05
443,srednekolymsk,67.45,153.6833,-36.67,99,100,1.25,RU,2022-12-05
444,rio grande,-32.035,-52.0986,27.06,82,0,4.69,BR,2022-12-05
445,alenquer,-1.9417,-54.7383,26.5,72,87,2.45,BR,2022-12-05
446,padang,-0.9492,100.3543,24.68,88,100,1.87,ID,2022-12-05
447,muyezerskiy,63.9333,31.65,-4.75,90,100,6.44,RU,2022-12-05
448,altamira,-3.2033,-52.2064,28.05,78,20,1.03,BR,2022-12-05
449,pare,-7.7679,112.198,23.38,91,100,0.9,ID,2022-12-05
450,bluefields,12.0137,-83.7635,24.04,100,75,2.06,NI,2022-12-05
451,sorland,67.667,12.6934,3.92,82,100,17.53,NO,2022-12-05
452,cayenne,4.9333,-52.3333,26.02,89,100,1.54,GF,2022-12-05
453,taoudenni,22.6783,-3.9836,26.98,16,15,1.7,ML,2022-12-05
454,belaya gora,68.5333,146.4167,-39.69,96,80,1.39,RU,2022-12-05
455,sao sebastiao,-23.76,-45.4097,22.75,96,100,3.79,BR,2022-12-05
456,sheridan,44.8333,-106.9173,0.73,64,20,1.54,US,2022-12-05
457,abu samrah,35.3029,37.1841,11.9,72,2,1.23,SY,2022-12-05
458,ponerihouen,-21.0833,165.4,26.29,83,100,2.24,NC,2022-12-05
459,kichmengskiy gorodok,59.9816,45.7854,-10.83,79,99,3.02,RU,2022-12-05
460,san rafael del sur,11.8485,-86.4384,30.54,63,1,4.39,NI,2022-12-05
461,linjiang,41.8069,126.9078,-15.14,96,14,0.6,CN,2022-12-05
462,jacmel,18.2342,-72.5347,28.91,63,5,1.67,HT,2022-12-05
463,hassleholm,56.1591,13.7664,1.25,98,100,2.12,SE,2022-12-05
464,opuwo,-18.0607,13.84,22.08,35,19,3.05,NA,2022-12-05
465,teahupoo,-17.8333,-149.2667,25.98,77,63,7.74,PF,2022-12-05
466,sindou,10.6667,-5.1667,27.1,27,53,1.99,BF,2022-12-05
467,copiapo,-27.3667,-70.3333,17.83,40,0,3.38,CL,2022-12-05
468,luderitz,-26.6481,15.1594,15.97,69,3,8.84,NA,2022-12-05
469,maragogi,-9.0122,-35.2225,24.85,85,31,5.31,BR,2022-12-05
470,kaili,-3.4626,120.2147,18.52,94,100,1.2,ID,2022-12-05
471,bay roberts,47.5999,-53.2648,4.25,96,100,1.96,CA,2022-12-05
472,talnakh,69.4865,88.3972,-3.77,96,100,5.83,RU,2022-12-05
473,nome,64.5011,-165.4064,-0.96,86,100,7.2,US,2022-12-05
474,veinticinco de mayo,-35.4323,-60.1727,37.54,12,0,5.06,AR,2022-12-05
475,churapcha,62.0025,132.4325,-33.16,100,99,1.28,RU,2022-12-05
476,jatai,-17.8814,-51.7144,23.27,74,100,0.67,BR,2022-12-05
477,acajutla,13.5928,-89.8275,28.94,58,2,1.48,SV,2022-12-05
478,avera,33.194,-82.5271,11.32,96,100,2.79,US,2022-12-05
479,gambela,8.25,34.5833,25.74,57,40,1.42,ET,2022-12-05
480,bend,44.0582,-121.3153,4.6,76,0,1.34,US,2022-12-05
481,comodoro rivadavia,-45.8667,-67.5,23.92,31,0,11.83,AR,2022-12-05
482,tecoanapa,16.5167,-98.75,28.82,63,0,4.36,MX,2022-12-05
483,tromso,69.6496,18.957,2.01,87,100,3.09,NO,2022-12-05
484,pangody,65.85,74.4859,-15.76,97,39,3.76,RU,2022-12-05
485,foshan,23.0268,113.1315,11.02,67,7,4.68,CN,2022-12-05
486,puerto leguizamo,-0.1934,-74.7819,30.09,56,93,0.18,CO,2022-12-05
487,bose,45.4612,8.0137,5.77,91,14,2.96,IT,2022-12-05
488,college,64.8569,-147.8028,-8.01,90,75,0.0,US,2022-12-05
489,siverskiy,59.3544,30.0783,-7.76,93,100,3.38,RU,2022-12-05
490,boddam,57.4667,-1.7833,4.71,74,75,8.9,GB,2022-12-05
491,saint-georges,12.0564,-61.7485,26.82,74,20,4.12,GD,2022-12-05
492,rong kwang,18.339,100.3174,20.54,91,93,0.8,TH,2022-12-05
493,veraval,20.9,70.3667,21.4,38,0,5.09,IN,2022-12-05
494,palana,59.1167,159.9667,-8.77,67,100,10.31,RU,2022-12-05
495,redlands,34.0556,-117.1825,17.62,60,94,0.45,US,2022-12-05
496,santa flavia,38.085,13.5351,15.85,55,95,4.92,IT,2022-12-05
497,leningradskiy,69.3833,178.4167,-27.3,93,5,1.9,RU,2022-12-05
498,skibbereen,51.55,-9.2667,7.84,83,100,9.05,IE,2022-12-05
499,salinas,36.6777,-121.6555,14.76,71,0,3.09,US,2022-12-05
500,harlingen,26.1906,-97.6961,27.95,76,20,9.26,US,2022-12-05
501,tutubigan,11.8397,125.0614,23.08,91,100,1.24,PH,2022-12-05
502,tarko-sale,64.9225,77.785,-13.74,95,45,5.11,RU,2022-12-05
503,balkhash,46.844,74.9804,-17.1,85,3,3.47,KZ,2022-12-05
504,rawson,-43.3002,-65.1023,31.16,16,0,9.26,AR,2022-12-05
505,loa janan,-0.583,117.095,22.89,99,100,0.64,ID,2022-12-05
506,port hedland,-20.3167,118.5667,26.03,78,92,4.63,AU,2022-12-05
507,saint-joseph,-21.3667,55.6167,22.21,78,100,4.61,RE,2022-12-05
508,vao,-22.6667,167.4833,25.25,87,100,4.41,NC,2022-12-05
509,sept-iles,50.2001,-66.3821,-0.53,86,100,7.2,CA,2022-12-05
510,urucara,-2.5364,-57.76,26.3,76,97,0.56,BR,2022-12-05
511,saint-pierre,-21.3393,55.4781,22.82,73,0,2.57,RE,2022-12-05
512,byron bay,-28.65,153.6167,26.51,54,1,1.9,AU,2022-12-05
513,vaitape,-16.5167,-151.75,26.38,77,76,7.96,PF,2022-12-05
514,surt,31.2089,16.5887,19.6,63,43,3.81,LY,2022-12-05
515,camocim,-2.9022,-40.8411,26.79,77,7,8.59,BR,2022-12-05
516,lodingen,68.414,15.9951,2.08,94,100,5.47,NO,2022-12-05
517,husavik,66.0449,-17.3389,-0.3,80,95,4.91,IS,2022-12-05
518,spirit river,55.7833,-118.8361,-19.76,79,74,4.29,CA,2022-12-05
519,inhambane,-23.865,35.3833,25.23,89,100,4.46,MZ,2022-12-05
520,benguela,-12.5763,13.4055,26.28,77,100,0.89,AO,2022-12-05
521,iqaluit,63.7506,-68.5145,-13.15,78,75,0.0,CA,2022-12-05
522,pascagoula,30.3658,-88.5561,23.4,90,100,1.54,US,2022-12-05
523,ahipara,-35.1667,173.1667,20.31,66,100,2.4,NZ,2022-12-05
524,flin flon,54.7682,-101.865,-26.09,64,100,3.09,CA,2022-12-05
525,puerto quijarro,-17.7833,-57.7667,26.16,82,100,0.68,BO,2022-12-05
526,bulgan,48.8125,103.5347,-21.24,79,1,1.94,MN,2022-12-05
527,gerash,27.6652,54.1371,13.08,50,29,0.99,IR,2022-12-05
528,bowling green,36.9903,-86.4436,9.19,94,100,3.41,US,2022-12-05
529,xining,36.6167,101.7667,-4.75,52,79,0.64,CN,2022-12-05
530,mercedes,-34.6515,-59.4307,35.02,15,0,7.15,AR,2022-12-05
531,viedma,-40.8135,-62.9967,29.38,33,62,6.2,AR,2022-12-05
532,sao felix do xingu,-6.6447,-51.995,22.37,96,78,0.63,BR,2022-12-05
533,lar,26.2039,83.9717,13.61,51,0,3.13,IN,2022-12-05
534,coro,11.4045,-69.6734,25.34,76,71,4.12,VE,2022-12-05
535,maracacume,-2.0428,-45.9592,24.08,91,100,1.5,BR,2022-12-05
536,bulaevo,54.9056,70.4439,-21.43,100,37,0.93,KZ,2022-12-05
537,zhigansk,66.7697,123.3711,-28.75,98,100,1.46,RU,2022-12-05
538,kapoeta,4.7717,33.5903,26.88,46,67,1.35,SS,2022-12-05
539,cacheu,12.2706,-16.1658,25.05,58,29,3.01,GW,2022-12-05
540,hambantota,6.1241,81.1185,23.19,100,20,1.03,LK,2022-12-05
541,la asuncion,11.0333,-63.8628,24.88,78,73,3.9,VE,2022-12-05
542,mitla,16.9167,-96.4,22.48,48,13,2.45,MX,2022-12-05
543,goderich,43.7501,-81.7165,4.18,56,100,5.14,CA,2022-12-05
544,la cruz,23.9167,-106.9,27.34,54,56,2.94,MX,2022-12-05
545,farah,32.5,62.5,6.93,39,96,0.93,AF,2022-12-05
546,yeppoon,-23.1333,150.7333,23.88,66,0,2.01,AU,2022-12-05
547,ixtapa,20.7,-105.2,27.9,77,13,1.34,MX,2022-12-05
548,marsh harbour,26.5412,-77.0636,23.78,71,29,4.79,BS,2022-12-05
549,nanlong,31.3533,106.0631,8.33,73,100,1.25,CN,2022-12-05
550,xudat,41.631,48.681,1.73,90,95,1.77,AZ,2022-12-05
551,mutis,6.2262,-77.4044,25.6,83,92,3.33,CO,2022-12-05
552,kamra,33.7473,73.5111,6.64,32,93,3.87,PK,2022-12-05
553,vasilsursk,56.1275,46.0072,-15.79,91,69,1.91,RU,2022-12-05
554,arnedo,42.2167,-2.1,3.72,85,100,1.95,ES,2022-12-05
555,saint anthony,45.0205,-93.218,-1.41,63,100,5.14,US,2022-12-05
